"*","JUMP","9.24957084656","83.0936275033"
"*","JUMP","16.8620277859","70.418030999"
"*","STITCH","16.9620277859","70.518030999"
"*","JUMP","0.0","70.0807903318"
"*","STITCH","0.1","70.1807903318"
"*","STITCH","0.0","70.0807903318"
"*","STITCH","0.0","70.0807903318"
"*","STITCH","0.401877165637","70.0688041984"
"*","STITCH","0.401076538451","70.1088355445"
"*","STITCH","0.803754331275","70.0568180651"
"*","STITCH","0.802153076902","70.1368807572"
"*","STITCH","1.20563149691","70.0448319317"
"*","STITCH","1.20322961535","70.16492597"
"*","STITCH","1.60750866255","70.0328457984"
"*","STITCH","1.6043061538","70.1929711827"
"*","STITCH","2.00938582819","70.020859665"
"*","STITCH","2.00538269226","70.2210163954"
"*","STITCH","2.41126299382","70.0088735317"
"*","STITCH","2.40645923071","70.2490616082"
"*","STITCH","2.81314015946","69.9968873984"
"*","STITCH","2.80753576916","70.2771068209"
"*","STITCH","3.2150173251","69.984901265"
"*","STITCH","3.20861230761","70.3051520336"
"*","STITCH","3.61689449074","69.9729151317"
"*","STITCH","3.60968884606","70.3331972464"
"*","STITCH","4.01877165637","69.9609289983"
"*","STITCH","4.01076538451","70.3612424591"
"*","STITCH","4.42064882201","69.948942865"
"*","STITCH","4.41184192296","70.3892876718"
"*","STITCH","4.82252598765","69.9369567316"
"*","STITCH","4.81291846141","70.4173328846"
"*","STITCH","5.22440315329","69.9249705983"
"*","STITCH","5.21399499986","70.4453780973"
"*","STITCH","5.62628031892","69.912984465"
"*","STITCH","5.61507153832","70.47342331"
"*","STITCH","6.02815748456","69.9009983316"
"*","STITCH","6.01614807677","70.5014685228"
"*","STITCH","6.4300346502","69.8890121983"
"*","STITCH","6.41722461522","70.5295137355"
"*","STITCH","6.83191181584","69.8770260649"
"*","STITCH","6.81830115367","70.5575589483"
"*","STITCH","7.23378898147","69.8650399316"
"*","STITCH","7.21937769212","70.585604161"
"*","STITCH","7.63566614711","69.8530537983"
"*","STITCH","7.62045423057","70.6136493737"
"*","STITCH","8.03754331275","69.8410676649"
"*","STITCH","8.02153076902","70.6416945865"
"*","STITCH","8.43942047839","69.8290815316"
"*","STITCH","8.42260730747","70.6697397992"
"*","STITCH","8.84129764402","69.8170953982"
"*","STITCH","8.82368384593","70.6977850119"
"*","STITCH","9.24317480966","69.8051092649"
"*","STITCH","9.22476038438","70.7258302247"
"*","STITCH","9.6450519753","69.7931231315"
"*","STITCH","9.62583692283","70.7538754374"
"*","STITCH","10.0469291409","69.7811369982"
"*","STITCH","10.0269134613","70.7819206501"
"*","STITCH","10.4488063066","69.7691508649"
"*","STITCH","10.4279899997","70.8099658629"
"*","STITCH","10.8506834722","69.7571647315"
"*","STITCH","10.8290665382","70.8380110756"
"*","STITCH","11.2525606378","69.7451785982"
"*","STITCH","11.2301430766","70.8660562883"
"*","STITCH","11.6544378035","69.7331924648"
"*","STITCH","11.6312196151","70.8941015011"
"*","STITCH","12.0563149691","69.7212063315"
"*","STITCH","12.0322961535","70.9221467138"
"*","STITCH","12.4581921348","69.7092201981"
"*","STITCH","12.433372692","70.9501919265"
"*","STITCH","12.8600693004","69.6972340648"
"*","STITCH","12.8344492304","70.9782371393"
"*","STITCH","13.261946466","69.6852479315"
"*","STITCH","13.2355257689","71.006282352"
"*","STITCH","13.6638236317","69.6732617981"
"*","STITCH","13.6366023073","71.0343275648"
"*","STITCH","14.0657007973","69.6612756648"
"*","STITCH","14.0376788458","71.0623727775"
"*","STITCH","14.4675779629","69.6492895314"
"*","STITCH","14.4387553842","71.0904179902"
"*","STITCH","14.8694551286","69.6373033981"
"*","STITCH","14.8398319227","71.118463203"
"*","STITCH","15.2713322942","69.6253172647"
"*","STITCH","15.2409084611","71.1465084157"
"*","STITCH","15.6732094599","69.6133311314"
"*","STITCH","15.6419849996","71.1745536284"
"*","STITCH","16.0750866255","69.6013449981"
"*","STITCH","16.043061538","71.2025988412"
"*","STITCH","16.4769637911","69.5893588647"
"*","STITCH","16.4441380765","71.2306440539"
"*","JUMP","26.0156205495","53.4446704892"
"*","STITCH","26.1156205495","53.5446704892"
"*","JUMP","33.8100261688","68.7428977994"
"*","STITCH","33.9100261688","68.8428977994"
"*","STITCH","32.9668897578","69.1724735304"
"*","STITCH","34.6531625799","68.3133220684"
"*","STITCH","32.7631492711","68.8174821887"
"*","STITCH","34.4857408942","67.9398263953"
"*","STITCH","32.5594087844","68.462490847"
"*","STITCH","34.3183192085","67.5663307223"
"*","STITCH","32.3556682977","68.1074995053"
"*","STITCH","34.1508975229","67.1928350493"
"*","STITCH","32.151927811","67.7525081635"
"*","STITCH","33.9834758372","66.8193393762"
"*","STITCH","31.9481873244","67.3975168218"
"*","STITCH","33.8160541515","66.4458437032"
"*","STITCH","31.7444468377","67.0425254801"
"*","STITCH","33.6486324659","66.0723480301"
"*","STITCH","31.540706351","66.6875341383"
"*","STITCH","33.4812107802","65.6988523571"
"*","STITCH","31.3369658643","66.3325427966"
"*","STITCH","33.3137890945","65.325356684"
"*","STITCH","31.1332253776","65.9775514549"
"*","STITCH","33.1463674089","64.951861011"
"*","STITCH","30.929484891","65.6225601132"
"*","STITCH","32.9789457232","64.5783653379"
"*","STITCH","30.7257444043","65.2675687714"
"*","STITCH","32.8115240375","64.2048696649"
"*","STITCH","30.5220039176","64.9125774297"
"*","STITCH","32.6441023519","63.8313739919"
"*","STITCH","30.3182634309","64.557586088"
"*","STITCH","32.4766806662","63.4578783188"
"*","STITCH","30.1145229442","64.2025947463"
"*","STITCH","32.3092589805","63.0843826458"
"*","STITCH","29.9107824576","63.8476034045"
"*","STITCH","32.1418372949","62.7108869727"
"*","STITCH","29.7070419709","63.4926120628"
"*","STITCH","31.9744156092","62.3373912997"
"*","STITCH","29.5033014842","63.1376207211"
"*","STITCH","31.8069939235","61.9638956266"
"*","STITCH","29.2995609975","62.7826293793"
"*","STITCH","31.6395722379","61.5903999536"
"*","STITCH","29.0958205108","62.4276380376"
"*","STITCH","31.4721505522","61.2169042806"
"*","STITCH","28.8920800242","62.0726466959"
"*","STITCH","31.3047288665","60.8434086075"
"*","STITCH","28.6883395375","61.7176553542"
"*","STITCH","31.1373071809","60.4699129345"
"*","STITCH","28.4845990508","61.3626640124"
"*","STITCH","30.9698854952","60.0964172614"
"*","STITCH","28.2808585641","61.0076726707"
"*","STITCH","30.8024638095","59.7229215884"
"*","STITCH","28.0771180774","60.652681329"
"*","STITCH","30.6350421239","59.3494259153"
"*","STITCH","27.8733775908","60.2976899873"
"*","STITCH","30.4676204382","58.9759302423"
"*","STITCH","27.6696371041","59.9426986455"
"*","STITCH","30.3001987525","58.6024345693"
"*","STITCH","27.4658966174","59.5877073038"
"*","STITCH","30.1327770669","58.2289388962"
"*","STITCH","27.2621561307","59.2327159621"
"*","STITCH","29.9653553812","57.8554432232"
"*","STITCH","27.058415644","58.8777246203"
"*","STITCH","29.7979336955","57.4819475501"
"*","STITCH","26.8546751574","58.5227332786"
"*","STITCH","29.6305120099","57.1084518771"
"*","STITCH","26.6509346707","58.1677419369"
"*","STITCH","29.4630903242","56.734956204"
"*","STITCH","26.447194184","57.8127505952"
"*","STITCH","29.2956686385","56.361460531"
"*","STITCH","26.2434536973","57.4577592534"
"*","STITCH","29.1282469529","55.9879648579"
"*","STITCH","26.0397132106","57.1027679117"
"*","STITCH","28.9608252672","55.6144691849"
"*","STITCH","25.835972724","56.74777657"
"*","STITCH","28.7934035815","55.2409735119"
"*","STITCH","25.6322322373","56.3927852283"
"*","STITCH","28.6259818959","54.8674778388"
"*","STITCH","25.4284917506","56.0377938865"
"*","STITCH","28.4585602102","54.4939821658"
"*","STITCH","25.2247512639","55.6828025448"
"*","STITCH","28.2911385245","54.1204864927"
"*","STITCH","25.0210107772","55.3278112031"
"*","STITCH","28.1237168388","53.7469908197"
"*","STITCH","24.8172702906","54.9728198614"
"*","STITCH","27.9562951532","53.3734951466"
"*","STITCH","24.6135298039","54.6178285196"
"*","STITCH","27.7888734675","52.9999994736"
"*","JUMP","36.3448252891","47.1944265759"
"*","STITCH","36.4448252891","47.2944265759"
"*","JUMP","39.7656990721","55.2447299392"
"*","STITCH","39.8656990721","55.3447299392"
"*","JUMP","56.9960387649","56.3881988935"
"*","STITCH","57.0960387649","56.4881988935"
"*","JUMP","62.4584751129","65.1251247434"
"*","STITCH","62.5584751129","65.2251247434"
"*","STITCH","61.9552786677","65.439729514"
"*","STITCH","62.9616715581","64.8105199728"
"*","STITCH","61.7193579974","65.1011456948"
"*","STITCH","62.7605973206","64.450149724"
"*","STITCH","61.4834373272","64.7625618756"
"*","STITCH","62.559523083","64.0897794751"
"*","STITCH","61.2475166569","64.4239780565"
"*","STITCH","62.3584488454","63.7294092263"
"*","STITCH","61.0115959867","64.0853942373"
"*","STITCH","62.1573746078","63.3690389775"
"*","STITCH","60.7756753164","63.7468104181"
"*","STITCH","61.9563003702","63.0086687287"
"*","STITCH","60.5397546461","63.408226599"
"*","STITCH","61.7552261326","62.6482984799"
"*","STITCH","60.3038339759","63.0696427798"
"*","STITCH","61.554151895","62.287928231"
"*","STITCH","60.0679133056","62.7310589606"
"*","STITCH","61.3530776575","61.9275579822"
"*","STITCH","59.8319926354","62.3924751414"
"*","STITCH","61.1520034199","61.5671877334"
"*","STITCH","59.5960719651","62.0538913223"
"*","STITCH","60.9509291823","61.2068174846"
"*","STITCH","59.3601512948","61.7153075031"
"*","STITCH","60.7498549447","60.8464472357"
"*","STITCH","59.1242306246","61.3767236839"
"*","STITCH","60.5487807071","60.4860769869"
"*","STITCH","58.8883099543","61.0381398648"
"*","STITCH","60.3477064695","60.1257067381"
"*","STITCH","58.6523892841","60.6995560456"
"*","STITCH","60.146632232","59.7653364893"
"*","STITCH","58.4164686138","60.3609722264"
"*","STITCH","59.9455579944","59.4049662404"
"*","STITCH","58.1805479436","60.0223884073"
"*","STITCH","59.7444837568","59.0445959916"
"*","STITCH","57.9446272733","59.6838045881"
"*","STITCH","59.5434095192","58.6842257428"
"*","STITCH","57.708706603","59.3452207689"
"*","STITCH","59.3423352816","58.323855494"
"*","STITCH","57.4727859328","59.0066369498"
"*","STITCH","59.141261044","57.9634852452"
"*","STITCH","57.2368652625","58.6680531306"
"*","STITCH","58.9401868064","57.6031149963"
"*","STITCH","57.0009445923","58.3294693114"
"*","STITCH","58.7391125689","57.2427447475"
"*","STITCH","56.765023922","57.9908854923"
"*","STITCH","58.5380383313","56.8823744987"
"*","STITCH","56.5291032518","57.6523016731"
"*","STITCH","58.3369640937","56.5220042499"
"*","STITCH","56.2931825815","57.3137178539"
"*","STITCH","58.1358898561","56.161634001"
"*","JUMP","71.6956424713","56.4715641049"
"*","STITCH","71.7956424713","56.5715641049"
"*","STITCH","71.6935197883","56.8458521209"
"*","STITCH","71.6977651544","56.097276089"
"*","STITCH","71.2850820136","56.8638933755"
"*","STITCH","71.2895582787","56.0746034338"
"*","STITCH","70.8766442389","56.88193463"
"*","STITCH","70.881351403","56.0519307786"
"*","STITCH","70.4682064642","56.8999758845"
"*","STITCH","70.4731445273","56.0292581234"
"*","STITCH","70.0597686896","56.9180171391"
"*","STITCH","70.0649376516","56.0065854683"
"*","STITCH","69.6513309149","56.9360583936"
"*","STITCH","69.656730776","55.9839128131"
"*","STITCH","69.2428931402","56.9540996482"
"*","STITCH","69.2485239003","55.9612401579"
"*","STITCH","68.8344553655","56.9721409027"
"*","STITCH","68.8403170246","55.9385675027"
"*","STITCH","68.4260175909","56.9901821573"
"*","STITCH","68.4321101489","55.9158948475"
"*","STITCH","68.0175798162","57.0082234118"
"*","STITCH","68.0239032732","55.8932221924"
"*","STITCH","67.6091420415","57.0262646664"
"*","STITCH","67.6156963975","55.8705495372"
"*","STITCH","67.2007042668","57.0443059209"
"*","STITCH","67.2074895219","55.847876882"
"*","STITCH","66.7922664922","57.0623471754"
"*","STITCH","66.7992826462","55.8252042268"
"*","STITCH","66.3838287175","57.08038843"
"*","STITCH","66.3910757705","55.8025315716"
"*","STITCH","65.9753909428","57.0984296845"
"*","STITCH","65.9828688948","55.7798589165"
"*","STITCH","65.5669531681","57.1164709391"
"*","STITCH","65.5746620191","55.7571862613"
"*","STITCH","65.1585153935","57.1345121936"
"*","STITCH","65.1664551434","55.7345136061"
"*","STITCH","64.7500776188","57.1525534482"
"*","STITCH","64.7582482678","55.7118409509"
"*","STITCH","64.3416398441","57.1705947027"
"*","STITCH","64.3500413921","55.6891682957"
"*","STITCH","63.9332020694","57.1886359572"
"*","STITCH","63.9418345164","55.6664956406"
"*","STITCH","63.5247642948","57.2066772118"
"*","STITCH","63.5336276407","55.6438229854"
"*","STITCH","63.1163265201","57.2247184663"
"*","STITCH","63.125420765","55.6211503302"
"*","STITCH","62.7078887454","57.2427597209"
"*","STITCH","62.7172138894","55.598477675"
"*","STITCH","62.2994509707","57.2608009754"
"*","STITCH","62.3090070137","55.5758050198"
"*","STITCH","61.8910131961","57.27884223"
"*","STITCH","61.900800138","55.5531323646"
"*","STITCH","61.4825754214","57.2968834845"
"*","STITCH","61.4925932623","55.5304597095"
"*","STITCH","61.0741376467","57.314924739"
"*","STITCH","61.0843863866","55.5077870543"
"*","STITCH","60.665699872","57.3329659936"
"*","STITCH","60.6761795109","55.4851143991"
"*","STITCH","60.2572620974","57.3510072481"
"*","STITCH","60.2679726353","55.4624417439"
"*","STITCH","59.8488243227","57.3690485027"
"*","STITCH","59.8597657596","55.4397690887"
"*","STITCH","59.440386548","57.3870897572"
"*","STITCH","59.4515588839","55.4170964336"
"*","STITCH","59.0319487733","57.4051310118"
"*","STITCH","59.0433520082","55.3944237784"
"*","STITCH","58.6235109987","57.4231722663"
"*","STITCH","58.6351451325","55.3717511232"
"*","STITCH","58.215073224","57.4412135209"
"*","STITCH","58.2269382568","55.349078468"
"*","STITCH","57.8066354493","57.4592547754"
"*","STITCH","57.8187313812","55.3264058128"
"*","STITCH","57.3981976746","57.4772960299"
"*","STITCH","57.4105245055","55.3037331577"
"*","STITCH","56.9227250568","57.4929250773"
"*","STITCH","57.0693524729","55.2834727097"
"*","STITCH","56.5206937204","57.4863099969"
"*","STITCH","56.6699726608","55.2369031875"
"*","STITCH","56.118662384","57.4796949166"
"*","STITCH","56.2705928487","55.1903336654"
"*","STITCH","55.7166310477","57.4730798362"
"*","STITCH","55.8712130366","55.1437641432"
"*","STITCH","55.3145997113","57.4664647558"
"*","STITCH","55.4718332245","55.097194621"
"*","STITCH","54.9125683749","57.4598496755"
"*","STITCH","55.0724534123","55.0506250989"
"*","STITCH","54.5105370385","57.4532345951"
"*","STITCH","54.6730736002","55.0040555767"
"*","STITCH","54.1085057021","57.4466195147"
"*","STITCH","54.2736937881","54.9574860546"
"*","STITCH","53.7064743657","57.4400044344"
"*","STITCH","53.874313976","54.9109165324"
"*","STITCH","53.3044430294","57.433389354"
"*","STITCH","53.4749341639","54.8643470102"
"*","STITCH","52.902411693","57.4267742737"
"*","STITCH","53.0755543518","54.8177774881"
"*","STITCH","52.5003803566","57.4201591933"
"*","STITCH","52.6761745396","54.7712079659"
"*","STITCH","52.0983490202","57.4135441129"
"*","STITCH","52.2767947275","54.7246384438"
"*","STITCH","51.6963176838","57.4069290326"
"*","STITCH","51.8774149154","54.6780689216"
"*","STITCH","51.2942863474","57.4003139522"
"*","STITCH","51.4780351033","54.6314993994"
"*","STITCH","50.8922550111","57.3936988718"
"*","STITCH","51.0786552912","54.5849298773"
"*","STITCH","50.4902236747","57.3870837915"
"*","STITCH","50.679275479","54.5383603551"
"*","STITCH","50.0881923383","57.3804687111"
"*","STITCH","50.2798956669","54.491790833"
"*","STITCH","49.6861610019","57.3738536308"
"*","STITCH","49.8805158548","54.4452213108"
"*","STITCH","49.2841296655","57.3672385504"
"*","STITCH","49.4811360427","54.3986517886"
"*","STITCH","48.8820983291","57.36062347"
"*","STITCH","49.0817562306","54.3520822665"
"*","STITCH","48.4800669928","57.3540083897"
"*","STITCH","48.6823764184","54.3055127443"
"*","STITCH","48.0780356564","57.3473933093"
"*","STITCH","48.2829966063","54.2589432222"
"*","STITCH","47.67600432","57.3407782289"
"*","STITCH","47.8836167942","54.2123737"
"*","STITCH","47.2739729836","57.3341631486"
"*","STITCH","47.4842369821","54.1658041778"
"*","STITCH","46.8719416472","57.3275480682"
"*","STITCH","47.08485717","54.1192346557"
"*","STITCH","46.4699103108","57.3209329879"
"*","STITCH","46.6854773578","54.0726651335"
"*","STITCH","46.0678789745","57.3143179075"
"*","STITCH","46.2860975457","54.0260956114"
"*","STITCH","45.6658476381","57.3077028271"
"*","STITCH","45.8867177336","53.9795260892"
"*","STITCH","45.2638163017","57.3010877468"
"*","STITCH","45.4873379215","53.932956567"
"*","STITCH","44.8617849653","57.2944726664"
"*","STITCH","45.0879581094","53.8863870449"
"*","STITCH","44.4597536289","57.287857586"
"*","STITCH","44.6885782973","53.8398175227"
"*","STITCH","44.0577222925","57.2812425057"
"*","STITCH","44.2891984851","53.7932480006"
"*","STITCH","43.6556909562","57.2746274253"
"*","STITCH","43.889818673","53.7466784784"
"*","STITCH","43.2536596198","57.268012345"
"*","STITCH","43.4904388609","53.7001089562"
"*","STITCH","42.8516282834","57.2613972646"
"*","STITCH","43.0910590488","53.6535394341"
"*","STITCH","42.449596947","57.2547821842"
"*","STITCH","42.6916792367","53.6069699119"
"*","STITCH","42.0475656106","57.2481671039"
"*","STITCH","42.2922994245","53.5604003898"
"*","STITCH","41.6455342742","57.2415520235"
"*","STITCH","41.8929196124","53.5138308676"
"*","STITCH","41.2435029379","57.2349369431"
"*","STITCH","41.4935398003","53.4672613454"
"*","STITCH","40.8414716015","57.2283218628"
"*","STITCH","41.0941599882","53.4206918233"
"*","STITCH","40.4394402651","57.2217067824"
"*","STITCH","40.6947801761","53.3741223011"
"*","STITCH","40.0374089287","57.2150917021"
"*","STITCH","40.2954003639","53.3275527789"
"*","JUMP","47.9733524323","68.8624294309"
"*","STITCH","48.0733524323","68.9624294309"
"*","STITCH","46.9666871801","69.4691662328"
"*","STITCH","48.9800176844","68.2556926289"
"*","STITCH","46.7388265319","69.1304865912"
"*","STITCH","48.7869730321","67.8960287069"
"*","STITCH","46.5109658837","68.7918069496"
"*","STITCH","48.5939283798","67.5363647848"
"*","STITCH","46.2831052355","68.4531273081"
"*","STITCH","48.4008837275","67.1767008627"
"*","STITCH","46.0552445872","68.1144476665"
"*","STITCH","48.2078390752","66.8170369406"
"*","STITCH","45.827383939","67.7757680249"
"*","STITCH","48.0147944229","66.4573730185"
"*","STITCH","45.5995232908","67.4370883833"
"*","STITCH","47.8217497706","66.0977090964"
"*","STITCH","45.3716626426","67.0984087417"
"*","STITCH","47.6287051183","65.7380451743"
"*","STITCH","45.1438019944","66.7597291001"
"*","STITCH","47.435660466","65.3783812523"
"*","STITCH","44.9159413462","66.4210494585"
"*","STITCH","47.2426158137","65.0187173302"
"*","STITCH","44.6880806979","66.0823698169"
"*","STITCH","47.0495711613","64.6590534081"
"*","STITCH","44.4602200497","65.7436901753"
"*","STITCH","46.856526509","64.299389486"
"*","STITCH","44.2323594015","65.4050105337"
"*","STITCH","46.6634818567","63.9397255639"
"*","STITCH","44.0044987533","65.0663308922"
"*","STITCH","46.4704372044","63.5800616418"
"*","STITCH","43.7766381051","64.7276512506"
"*","STITCH","46.2773925521","63.2203977198"
"*","STITCH","43.5487774569","64.388971609"
"*","STITCH","46.0843478998","62.8607337977"
"*","STITCH","43.3209168086","64.0502919674"
"*","STITCH","45.8913032475","62.5010698756"
"*","STITCH","43.0930561604","63.7116123258"
"*","STITCH","45.6982585952","62.1414059535"
"*","STITCH","42.8651955122","63.3729326842"
"*","STITCH","45.5052139429","61.7817420314"
"*","STITCH","42.637334864","63.0342530426"
"*","STITCH","45.3121692906","61.4220781093"
"*","STITCH","42.4094742158","62.695573401"
"*","STITCH","45.1191246383","61.0624141872"
"*","STITCH","42.1816135676","62.3568937594"
"*","STITCH","44.926079986","60.7027502652"
"*","STITCH","41.9537529193","62.0182141179"
"*","STITCH","44.7330353337","60.3430863431"
"*","STITCH","41.7258922711","61.6795344763"
"*","STITCH","44.5399906814","59.983422421"
"*","STITCH","41.4980316229","61.3408548347"
"*","STITCH","44.3469460291","59.6237584989"
"*","STITCH","41.2701709747","61.0021751931"
"*","STITCH","44.1539013768","59.2640945768"
"*","STITCH","41.0423103265","60.6634955515"
"*","STITCH","43.9608567245","58.9044306547"
"*","STITCH","40.8144496783","60.3248159099"
"*","STITCH","43.7678120722","58.5447667327"
"*","STITCH","40.58658903","59.9861362683"
"*","STITCH","43.5747674199","58.1851028106"
"*","STITCH","40.3587283818","59.6474566267"
"*","STITCH","43.3817227675","57.8254388885"
"*","STITCH","40.1308677336","59.3087769851"
"*","STITCH","43.1886781152","57.4657749664"
"*","STITCH","39.9030070854","58.9700973435"
"*","STITCH","42.9956334629","57.1061110443"
"*","STITCH","39.6751464372","58.631417702"
"*","STITCH","42.8025888106","56.7464471222"
"*","STITCH","39.447285789","58.2927380604"
"*","STITCH","42.6095441583","56.3867832002"
"*","STITCH","39.2194251407","57.9540584188"
"*","STITCH","42.416499506","56.0271192781"
"*","STITCH","38.9915644925","57.6153787772"
"*","STITCH","42.2234548537","55.667455356"
"*","STITCH","38.7637038443","57.2766991356"
"*","STITCH","42.0304102014","55.3077914339"
"*","STITCH","38.5358431961","56.938019494"
"*","STITCH","41.8373655491","54.9481275118"
"*","STITCH","38.3079825479","56.5993398524"
"*","STITCH","41.6443208968","54.5884635897"
"*","STITCH","37.954385951","56.0144243581"
"*","STITCH","41.5770121931","54.4750355204"
"*","STITCH","37.7723753533","55.6391979142"
"*","STITCH","41.4332252877","54.0835664059"
"*","STITCH","37.5903647557","55.2639714703"
"*","STITCH","41.2894383822","53.6920972913"
"*","STITCH","37.408354158","54.8887450265"
"*","STITCH","41.1456514767","53.3006281767"
"*","STITCH","37.2263435603","54.5135185826"
"*","STITCH","41.0018645713","52.9091590622"
"*","STITCH","37.0443329627","54.1382921388"
"*","STITCH","40.8580776658","52.5176899476"
"*","STITCH","36.862322365","53.7630656949"
"*","STITCH","40.7142907603","52.1262208331"
"*","STITCH","36.6803117673","53.387839251"
"*","STITCH","40.5705038549","51.7347517185"
"*","STITCH","36.4983011697","53.0126128072"
"*","STITCH","40.4267169494","51.343282604"
"*","STITCH","36.316290572","52.6373863633"
"*","STITCH","40.2829300439","50.9518134894"
"*","STITCH","36.1342799743","52.2621599194"
"*","STITCH","40.1391431384","50.5603443749"
"*","STITCH","35.9522693766","51.8869334756"
"*","STITCH","39.995356233","50.1688752603"
"*","STITCH","35.770258779","51.5117070317"
"*","STITCH","39.8515693275","49.7774061457"
"*","STITCH","35.5882481813","51.1364805879"
"*","STITCH","39.707782422","49.3859370312"
"*","STITCH","35.4062375836","50.761254144"
"*","STITCH","39.5639955166","48.9944679166"
"*","STITCH","35.224226986","50.3860277001"
"*","STITCH","39.4202086111","48.6029988021"
"*","STITCH","35.0422163883","50.0108012563"
"*","STITCH","39.2764217056","48.2115296875"
"*","STITCH","34.8602057906","49.6355748124"
"*","STITCH","39.1326348001","47.820060573"
"*","STITCH","34.678195193","49.2603483686"
"*","STITCH","38.9888478947","47.4285914584"
"*","STITCH","34.4961845953","48.8851219247"
"*","STITCH","38.8450609892","47.0371223438"
"*","STITCH","34.3141739976","48.5098954808"
"*","STITCH","38.7012740837","46.6456532293"
"*","JUMP","32.486061732","41.2796053596"
"*","STITCH","32.586061732","41.3796053596"
"*","JUMP","55.4039020538","2.54610519687"
"*","STITCH","55.5039020538","2.64610519687"
"*","STITCH","59.7070809168","5.09221039374"
"*","STITCH","51.1007231909","0.0"
"*","STITCH","59.485215709","5.4278436856"
"*","STITCH","50.9133412501","0.3560363539"
"*","STITCH","59.2633505012","5.76347697746"
"*","STITCH","50.7259593093","0.7120727078"
"*","STITCH","59.0414852934","6.09911026933"
"*","STITCH","50.5385773685","1.0681090617"
"*","STITCH","58.8196200856","6.43474356119"
"*","STITCH","50.3511954277","1.4241454156"
"*","STITCH","58.5977548778","6.77037685305"
"*","STITCH","50.1638134869","1.7801817695"
"*","STITCH","58.37588967","7.10601014492"
"*","STITCH","49.9764315461","2.1362181234"
"*","STITCH","58.1540244622","7.44164343678"
"*","STITCH","49.7890496052","2.4922544773"
"*","STITCH","57.9321592544","7.77727672865"
"*","STITCH","49.6016676644","2.8482908312"
"*","STITCH","57.7102940466","8.11291002051"
"*","STITCH","49.4142857236","3.2043271851"
"*","STITCH","57.4884288388","8.44854331237"
"*","STITCH","49.2269037828","3.560363539"
"*","STITCH","57.266563631","8.78417660424"
"*","STITCH","49.039521842","3.9163998929"
"*","STITCH","57.0446984232","9.1198098961"
"*","STITCH","48.8521399012","4.2724362468"
"*","STITCH","56.8228332154","9.45544318796"
"*","STITCH","48.6647579604","4.6284726007"
"*","STITCH","56.6009680076","9.79107647983"
"*","STITCH","48.4773760196","4.9845089546"
"*","STITCH","56.3791027998","10.1267097717"
"*","STITCH","48.2899940788","5.3405453085"
"*","STITCH","56.157237592","10.4623430636"
"*","STITCH","48.102612138","5.6965816624"
"*","STITCH","55.9353723842","10.7979763554"
"*","STITCH","47.9152301972","6.0526180163"
"*","STITCH","55.7135071764","11.1336096473"
"*","STITCH","47.7278482564","6.4086543702"
"*","STITCH","55.4916419686","11.4692429391"
"*","STITCH","47.5404663156","6.7646907241"
"*","STITCH","55.2697767608","11.804876231"
"*","STITCH","47.3530843748","7.120727078"
"*","STITCH","55.047911553","12.1405095229"
"*","STITCH","47.165702434","7.4767634319"
"*","STITCH","54.8260463452","12.4761428147"
"*","STITCH","46.9783204932","7.8327997858"
"*","STITCH","54.6041811374","12.8117761066"
"*","STITCH","46.7909385524","8.1888361397"
"*","STITCH","54.3823159296","13.1474093985"
"*","STITCH","46.6035566115","8.5448724936"
"*","STITCH","54.1604507218","13.4830426903"
"*","STITCH","46.4161746707","8.9009088475"
"*","STITCH","53.938585514","13.8186759822"
"*","STITCH","46.2287927299","9.2569452014"
"*","STITCH","53.7167203062","14.1543092741"
"*","STITCH","46.0414107891","9.6129815553"
"*","STITCH","53.4948550984","14.4899425659"
"*","STITCH","45.8540288483","9.9690179092"
"*","STITCH","53.2729898906","14.8255758578"
"*","STITCH","45.6666469075","10.3250542631"
"*","STITCH","53.0511246828","15.1612091496"
"*","STITCH","45.4792649667","10.681090617"
"*","STITCH","52.829259475","15.4968424415"
"*","STITCH","45.2918830259","11.0371269709"
"*","STITCH","52.6073942672","15.8324757334"
"*","STITCH","45.1045010851","11.3931633248"
"*","STITCH","52.3855290594","16.1681090252"
"*","STITCH","44.9171191443","11.7491996787"
"*","STITCH","52.1636638516","16.5037423171"
"*","STITCH","44.7297372035","12.1052360326"
"*","STITCH","51.9417986438","16.839375609"
"*","STITCH","44.5423552627","12.4612723865"
"*","STITCH","51.719933436","17.1750089008"
"*","STITCH","44.3549733219","12.8173087404"
"*","STITCH","51.4980682282","17.5106421927"
"*","STITCH","44.1675913811","13.1733450943"
"*","STITCH","51.2762030204","17.8462754846"
"*","STITCH","43.9802094403","13.5293814482"
"*","STITCH","51.0543378126","18.1819087764"
"*","STITCH","43.7928274995","13.8854178021"
"*","STITCH","50.8324726048","18.5175420683"
"*","STITCH","43.6054455587","14.241454156"
"*","STITCH","50.610607397","18.8531753601"
"*","STITCH","43.4180636178","14.5974905099"
"*","STITCH","50.3887421892","19.188808652"
"*","STITCH","43.230681677","14.9535268638"
"*","STITCH","50.1668769814","19.5244419439"
"*","STITCH","43.0432997362","15.3095632177"
"*","STITCH","49.9450117736","19.8600752357"
"*","STITCH","42.8559177954","15.6655995716"
"*","STITCH","49.7231465658","20.1957085276"
"*","STITCH","42.6685358546","16.0216359255"
"*","STITCH","49.501281358","20.5313418195"
"*","STITCH","42.4811539138","16.3776722794"
"*","STITCH","49.2794161502","20.8669751113"
"*","STITCH","42.293771973","16.7337086333"
"*","STITCH","49.0575509424","21.2026084032"
"*","STITCH","42.1063900322","17.0897449872"
"*","STITCH","48.8356857346","21.538241695"
"*","STITCH","41.9190080914","17.4457813411"
"*","STITCH","48.6138205268","21.8738749869"
"*","STITCH","41.7316261506","17.801817695"
"*","STITCH","48.391955319","22.2095082788"
"*","STITCH","41.5442442098","18.1578540489"
"*","STITCH","48.1700901112","22.5451415706"
"*","STITCH","41.356862269","18.5138904028"
"*","STITCH","47.9482249034","22.8807748625"
"*","STITCH","41.1694803282","18.8699267567"
"*","STITCH","47.7263596956","23.2164081544"
"*","STITCH","40.9820983874","19.2259631106"
"*","STITCH","47.5044944878","23.5520414462"
"*","STITCH","40.7947164466","19.5819994645"
"*","STITCH","47.28262928","23.8876747381"
"*","STITCH","40.6073345058","19.9380358184"
"*","STITCH","47.0607640723","24.22330803"
"*","STITCH","40.419952565","20.2940721723"
"*","STITCH","46.8388988645","24.5589413218"
"*","STITCH","40.2325706241","20.6501085262"
"*","STITCH","46.6170336567","24.8945746137"
"*","STITCH","40.0451886833","21.0061448801"
"*","STITCH","46.3951684489","25.2302079055"
"*","STITCH","39.8578067425","21.362181234"
"*","STITCH","46.1733032411","25.5658411974"
"*","STITCH","39.6704248017","21.7182175879"
"*","STITCH","45.9514380333","25.9014744893"
"*","STITCH","39.4830428609","22.0742539418"
"*","STITCH","45.7295728255","26.2371077811"
"*","STITCH","39.2956609201","22.4302902957"
"*","STITCH","45.5077076177","26.572741073"
"*","STITCH","39.1082789793","22.7863266496"
"*","STITCH","45.2858424099","26.9083743649"
"*","STITCH","38.9208970385","23.1423630035"
"*","STITCH","45.0639772021","27.2440076567"
"*","STITCH","38.7335150977","23.4983993574"
"*","STITCH","44.8421119943","27.5796409486"
"*","STITCH","38.5461331569","23.8544357113"
"*","STITCH","44.6202467865","27.9152742405"
"*","STITCH","38.3587512161","24.2104720652"
"*","STITCH","44.3983815787","28.2509075323"
"*","STITCH","38.1713692753","24.5665084191"
"*","STITCH","44.1765163709","28.5865408242"
"*","STITCH","37.9839873345","24.922544773"
"*","STITCH","43.9546511631","28.922174116"
"*","STITCH","37.7966053937","25.2785811269"
"*","STITCH","43.7327859553","29.2578074079"
"*","STITCH","37.6092234529","25.6346174808"
"*","STITCH","43.5109207475","29.5934406998"
"*","STITCH","37.4218415121","25.9906538347"
"*","STITCH","43.2890555397","29.9290739916"
"*","STITCH","37.2344595713","26.3466901886"
"*","STITCH","43.0671903319","30.2647072835"
"*","STITCH","37.0470776304","26.7027265425"
"*","STITCH","42.8453251241","30.6003405754"
"*","STITCH","36.8596956896","27.0587628964"
"*","STITCH","42.6234599163","30.9359738672"
"*","STITCH","36.6723137488","27.4147992503"
"*","STITCH","42.4015947085","31.2716071591"
"*","STITCH","36.484931808","27.7708356042"
"*","STITCH","42.1797295007","31.607240451"
"*","STITCH","36.2975498672","28.1268719581"
"*","STITCH","41.9578642929","31.9428737428"
"*","STITCH","36.1101679264","28.482908312"
"*","STITCH","41.7359990851","32.2785070347"
"*","STITCH","35.9227859856","28.8389446659"
"*","STITCH","41.5141338773","32.6141403265"
"*","STITCH","35.7354040448","29.1949810198"
"*","STITCH","41.2922686695","32.9497736184"
"*","STITCH","35.548022104","29.5510173737"
"*","STITCH","41.0704034617","33.2854069103"
"*","STITCH","35.3606401632","29.9070537276"
"*","STITCH","40.8485382539","33.6210402021"
"*","STITCH","35.1732582224","30.2630900815"
"*","STITCH","40.6266730461","33.956673494"
"*","STITCH","34.9858762816","30.6191264354"
"*","STITCH","40.4048078383","34.2923067859"
"*","STITCH","34.7984943408","30.9751627893"
"*","STITCH","40.1829426305","34.6279400777"
"*","STITCH","34.6111124","31.3311991432"
"*","STITCH","39.9610774227","34.9635733696"
"*","STITCH","34.4237304592","31.6872354971"
"*","STITCH","39.7392122149","35.2992066615"
"*","STITCH","34.2363485184","32.043271851"
"*","STITCH","39.5173470071","35.6348399533"
"*","STITCH","34.0489665775","32.3993082049"
"*","STITCH","39.2954817993","35.9704732452"
"*","STITCH","33.8615846367","32.7553445588"
"*","STITCH","39.0736165915","36.306106537"
"*","STITCH","33.6742026959","33.1113809127"
"*","STITCH","38.8517513837","36.6417398289"
"*","STITCH","33.4868207551","33.4674172666"
"*","STITCH","38.6298861759","36.9773731208"
"*","STITCH","33.2994388143","33.8234536205"
"*","STITCH","38.4080209681","37.3130064126"
"*","STITCH","33.1120568735","34.1794899744"
"*","STITCH","38.1861557603","37.6486397045"
"*","STITCH","32.9246749327","34.5355263283"
"*","STITCH","37.9642905525","37.9842729964"
"*","STITCH","32.7372929919","34.8915626822"
"*","STITCH","37.7424253447","38.3199062882"
"*","STITCH","32.5499110511","35.2475990361"
"*","STITCH","37.5205601369","38.6555395801"
"*","STITCH","32.3625291103","35.60363539"
"*","STITCH","37.2986949291","38.9911728719"
"*","STITCH","32.1751471695","35.9596717439"
"*","STITCH","37.0768297213","39.3268061638"
"*","STITCH","31.9877652287","36.3157080978"
"*","STITCH","36.8549645135","39.6624394557"
"*","STITCH","31.8003832879","36.6717444517"
"*","STITCH","36.6330993057","39.9980727475"
"*","STITCH","31.6130013471","37.0277808056"
"*","STITCH","36.4112340979","40.3337060394"
"*","STITCH","31.4256194063","37.3838171595"
"*","STITCH","36.1893688901","40.6693393313"
"*","STITCH","31.2382374655","37.7398535134"
"*","STITCH","35.9675036823","41.0049726231"
"*","STITCH","31.0508555247","38.0958898673"
"*","STITCH","35.7456384745","41.340605915"
"*","STITCH","30.8634735838","38.4519262212"
"*","STITCH","35.5237732667","41.6762392069"
"*","STITCH","30.676091643","38.8079625751"
"*","STITCH","35.3019080589","42.0118724987"
"*","STITCH","30.4887097022","39.163998929"
"*","STITCH","35.0800428511","42.3475057906"
"*","STITCH","30.3013277614","39.5200352829"
"*","JUMP","48.5784626007","41.4043624906"
"*","STITCH","48.6784626007","41.5043624906"
"*","STITCH","48.5633151625","43.3582279456"
"*","STITCH","48.593610039","39.4504970356"
"*","STITCH","48.1608496462","43.3751662281"
"*","STITCH","48.1914555118","39.4273208965"
"*","STITCH","47.75838413","43.3921045106"
"*","STITCH","47.7893009845","39.4041447574"
"*","STITCH","47.3559186138","43.4090427932"
"*","STITCH","47.3871464573","39.3809686183"
"*","STITCH","46.9534530975","43.4259810757"
"*","STITCH","46.9849919301","39.3577924793"
"*","STITCH","46.5509875813","43.4429193582"
"*","STITCH","46.5828374029","39.3346163402"
"*","STITCH","46.1485220651","43.4598576407"
"*","STITCH","46.1806828757","39.3114402011"
"*","STITCH","45.7460565488","43.4767959233"
"*","STITCH","45.7785283485","39.288264062"
"*","STITCH","45.3435910326","43.4937342058"
"*","STITCH","45.3763738213","39.265087923"
"*","STITCH","44.9411255164","43.5106724883"
"*","STITCH","44.9742192941","39.2419117839"
"*","STITCH","44.5386600001","43.5276107709"
"*","STITCH","44.5720647669","39.2187356448"
"*","STITCH","44.1361944839","43.5445490534"
"*","STITCH","44.1699102397","39.1955595057"
"*","STITCH","43.7337289677","43.5614873359"
"*","STITCH","43.7677557125","39.1723833666"
"*","STITCH","43.3312634514","43.5784256185"
"*","STITCH","43.3656011853","39.1492072276"
"*","STITCH","42.9287979352","43.595363901"
"*","STITCH","42.9634466581","39.1260310885"
"*","STITCH","42.526332419","43.6123021835"
"*","STITCH","42.5612921309","39.1028549494"
"*","STITCH","42.1238669027","43.6292404661"
"*","STITCH","42.1591376037","39.0796788103"
"*","STITCH","41.7214013865","43.6461787486"
"*","STITCH","41.7569830765","39.0565026712"
"*","STITCH","41.3189358703","43.6631170311"
"*","STITCH","41.3548285493","39.0333265322"
"*","STITCH","40.916470354","43.6800553137"
"*","STITCH","40.9526740221","39.0101503931"
"*","STITCH","40.5140048378","43.6969935962"
"*","STITCH","40.5505194949","38.986974254"
"*","STITCH","40.1115393216","43.7139318787"
"*","STITCH","40.1483649677","38.9637981149"
"*","STITCH","39.7090738053","43.7308701613"
"*","STITCH","39.7462104405","38.9406219758"
"*","STITCH","39.3066082891","43.7478084438"
"*","STITCH","39.3440559133","38.9174458368"
"*","STITCH","38.9041427729","43.7647467263"
"*","STITCH","38.9419013861","38.8942696977"
"*","STITCH","38.5016772566","43.7816850089"
"*","STITCH","38.5397468589","38.8710935586"
"*","STITCH","38.0992117404","43.7986232914"
"*","STITCH","38.1375923317","38.8479174195"
"*","STITCH","37.6967462241","43.8155615739"
"*","STITCH","37.7354378045","38.8247412805"
"*","STITCH","37.2942807079","43.8324998564"
"*","STITCH","37.3332832773","38.8015651414"
"*","STITCH","36.8918151917","43.849438139"
"*","STITCH","36.9311287501","38.7783890023"
"*","STITCH","36.4893496754","43.8663764215"
"*","STITCH","36.5289742229","38.7552128632"
"*","STITCH","36.0868841592","43.883314704"
"*","STITCH","36.1268196957","38.7320367241"
"*","STITCH","35.684418643","43.9002529866"
"*","STITCH","35.7246651685","38.7088605851"
"*","STITCH","35.2819531267","43.9171912691"
"*","STITCH","35.3225106413","38.685684446"
"*","STITCH","34.8794876105","43.9341295516"
"*","STITCH","34.9203561141","38.6625083069"
"*","STITCH","34.4770220943","43.9510678342"
"*","STITCH","34.5182015869","38.6393321678"
"*","STITCH","34.074556578","43.9680061167"
"*","STITCH","34.1160470596","38.6161560287"
"*","STITCH","33.6720910618","43.9849443992"
"*","STITCH","33.7138925324","38.5929798897"
"*","STITCH","33.2696255456","44.0018826818"
"*","STITCH","33.3117380052","38.5698037506"
"*","STITCH","32.8671600293","44.0188209643"
"*","STITCH","32.909583478","38.5466276115"
"*","STITCH","34.7944877307","39.77361392"
"*","STITCH","30.1776357332","42.7855967992"
"*","STITCH","35.0041277007","40.1328609966"
"*","STITCH","30.4219679465","43.1222110422"
"*","STITCH","35.2137676706","40.4921080732"
"*","STITCH","30.6663001597","43.4588252852"
"*","STITCH","35.4234076405","40.8513551498"
"*","STITCH","30.910632373","43.7954395282"
"*","STITCH","35.6330476104","41.2106022263"
"*","STITCH","31.1549645863","44.1320537711"
"*","STITCH","35.8426875803","41.5698493029"
"*","STITCH","31.3992967996","44.4686680141"
"*","STITCH","36.0523275503","41.9290963795"
"*","STITCH","31.6436290128","44.8052822571"
"*","STITCH","36.2619675202","42.2883434561"
"*","STITCH","31.8879612261","45.1418965001"
"*","STITCH","36.4716074901","42.6475905327"
"*","STITCH","32.1322934394","45.478510743"
"*","STITCH","36.68124746","43.0068376092"
"*","STITCH","32.3766256527","45.815124986"
"*","STITCH","36.8908874299","43.3660846858"
"*","STITCH","32.6209578659","46.151739229"
"*","STITCH","37.1005273999","43.7253317624"
"*","STITCH","32.8652900792","46.488353472"
"*","STITCH","37.3101673698","44.084578839"
"*","STITCH","33.1096222925","46.824967715"
"*","STITCH","37.5198073397","44.4438259156"
"*","STITCH","33.3539545058","47.1615819579"
"*","STITCH","37.7294473096","44.8030729921"
"*","STITCH","33.598286719","47.4981962009"
"*","STITCH","37.9390872795","45.1623200687"
"*","STITCH","33.8426189323","47.8348104439"
"*","STITCH","38.1487272494","45.5215671453"
"*","STITCH","34.0869511456","48.1714246869"
"*","STITCH","37.5894601769","49.2513204763"
"*","STITCH","35.1001904014","45.1375326754"
"*","STITCH","37.2347664654","49.4424964851"
"*","STITCH","34.7662704635","45.3630395942"
"*","STITCH","36.8800727539","49.6336724939"
"*","STITCH","34.4323505257","45.5885465129"
"*","STITCH","36.5253790425","49.8248485027"
"*","STITCH","34.0984305878","45.8140534317"
"*","STITCH","36.170685331","50.0160245115"
"*","STITCH","33.76451065","46.0395603504"
"*","STITCH","35.8159916195","50.2072005203"
"*","STITCH","33.4305907121","46.2650672692"
"*","STITCH","35.4612979081","50.3983765291"
"*","STITCH","33.0966707743","46.4905741879"
"*","STITCH","35.1066041966","50.5895525379"
"*","STITCH","32.7627508365","46.7160811067"
"*","STITCH","34.7519104851","50.7807285467"
"*","STITCH","32.4288308986","46.9415880255"
"*","STITCH","34.3972167737","50.9719045555"
"*","STITCH","32.0949109608","47.1670949442"
"*","STITCH","34.0425230622","51.1630805643"
"*","STITCH","31.7609910229","47.392601863"
"*","STITCH","33.6878293508","51.3542565731"
"*","STITCH","31.4270710851","47.6181087817"
"*","STITCH","33.3331356393","51.5454325819"
"*","STITCH","31.0931511473","47.8436157005"
"*","STITCH","32.9784419278","51.7366085907"
"*","STITCH","30.7592312094","48.0691226192"
"*","STITCH","32.6237482164","51.9277845995"
"*","STITCH","30.4253112716","48.294629538"
"*","STITCH","32.2690545049","52.1189606083"
"*","STITCH","30.0913913337","48.5201364567"
"*","STITCH","31.9143607934","52.3101366171"
"*","STITCH","29.7574713959","48.7456433755"
"*","STITCH","31.559667082","52.501312626"
"*","STITCH","29.423551458","48.9711502942"
"*","STITCH","31.2049733705","52.6924886348"
"*","STITCH","29.0896315202","49.196657213"
"*","STITCH","30.850279659","52.8836646436"
"*","STITCH","28.7557115824","49.4221641318"
"*","STITCH","30.4955859476","53.0748406524"
"*","STITCH","28.4217916445","49.6476710505"
"*","STITCH","30.1408922361","53.2660166612"
"*","STITCH","28.0878717067","49.8731779693"
"*","STITCH","29.7861985247","53.45719267"
"*","STITCH","27.7539517688","50.098684888"
"*","STITCH","29.4315048132","53.6483686788"
"*","STITCH","27.420031831","50.3241918068"
"*","STITCH","29.0768111017","53.8395446876"
"*","STITCH","27.0861118932","50.5496987255"
"*","STITCH","28.7221173903","54.0307206964"
"*","STITCH","26.7521919553","50.7752056443"
"*","STITCH","28.3674236788","54.2218967052"
"*","STITCH","26.4182720175","51.000712563"
"*","STITCH","28.0127299673","54.413072714"
"*","STITCH","26.0843520796","51.2262194818"
"*","STITCH","27.6580362559","54.6042487228"
"*","STITCH","25.7504321418","51.4517264005"
"*","STITCH","27.3033425444","54.7954247316"
"*","STITCH","25.4165122039","51.6772333193"
"*","STITCH","27.6018960341","54.3001357218"
"*","STITCH","24.4293450649","52.5892052566"
"*","STITCH","27.3935668354","54.644240037"
"*","STITCH","24.2562745651","52.9523242961"
"*","STITCH","27.1852376367","54.9883443521"
"*","STITCH","24.0832040653","53.3154433355"
"*","STITCH","26.9769084381","55.3324486672"
"*","STITCH","23.9101335655","53.678562375"
"*","STITCH","26.7685792394","55.6765529824"
"*","STITCH","23.7370630657","54.0416814144"
"*","STITCH","26.5602500407","56.0206572975"
"*","STITCH","23.5639925659","54.4048004538"
"*","STITCH","26.351920842","56.3647616126"
"*","STITCH","23.3909220661","54.7679194933"
"*","STITCH","26.1435916433","56.7088659277"
"*","STITCH","23.2178515663","55.1310385327"
"*","STITCH","25.9352624447","57.0529702429"
"*","STITCH","23.0447810665","55.4941575722"
"*","STITCH","25.726933246","57.397074558"
"*","STITCH","22.8717105667","55.8572766116"
"*","STITCH","25.5186040473","57.7411788731"
"*","STITCH","22.6986400669","56.2203956511"
"*","STITCH","25.3102748486","58.0852831882"
"*","STITCH","22.5255695671","56.5835146905"
"*","STITCH","25.1019456499","58.4293875034"
"*","STITCH","22.3524990673","56.94663373"
"*","STITCH","24.8936164513","58.7734918185"
"*","STITCH","22.1794285675","57.3097527694"
"*","STITCH","24.6852872526","59.1175961336"
"*","STITCH","22.0063580677","57.6728718089"
"*","STITCH","24.4769580539","59.4617004488"
"*","STITCH","21.8332875678","58.0359908483"
"*","STITCH","24.2686288552","59.8058047639"
"*","STITCH","21.660217068","58.3991098878"
"*","STITCH","24.0602996565","60.149909079"
"*","STITCH","21.4871465682","58.7622289272"
"*","STITCH","23.8519704579","60.4940133941"
"*","STITCH","21.3140760684","59.1253479666"
"*","STITCH","23.6436412592","60.8381177093"
"*","STITCH","21.1410055686","59.4884670061"
"*","STITCH","23.4353120605","61.1822220244"
"*","STITCH","20.9679350688","59.8515860455"
"*","STITCH","23.2269828618","61.5263263395"
"*","STITCH","20.794864569","60.214705085"
"*","STITCH","23.0186536632","61.8704306547"
"*","STITCH","20.6217940692","60.5778241244"
"*","STITCH","22.8103244645","62.2145349698"
"*","STITCH","20.4487235694","60.9409431639"
"*","STITCH","22.6019952658","62.5586392849"
"*","STITCH","20.2756530696","61.3040622033"
"*","STITCH","22.3936660671","62.9027436"
"*","STITCH","20.1025825698","61.6671812428"
"*","STITCH","22.1853368684","63.2468479152"
"*","STITCH","19.92951207","62.0303002822"
"*","STITCH","21.9770076698","63.5909522303"
"*","STITCH","19.7564415702","62.3934193217"
"*","STITCH","21.7686784711","63.9350565454"
"*","STITCH","19.5833710704","62.7565383611"
"*","STITCH","21.5603492724","64.2791608605"
"*","STITCH","19.4103005706","63.1196574006"
"*","STITCH","21.3520200737","64.6232651757"
"*","STITCH","19.2372300707","63.48277644"
"*","STITCH","21.143690875","64.9673694908"
"*","STITCH","19.0641595709","63.8458954795"
"*","STITCH","20.9353616764","65.3114738059"
"*","STITCH","18.8910890711","64.2090145189"
"*","STITCH","20.7270324777","65.6555781211"
"*","STITCH","18.7180185713","64.5721335583"
"*","STITCH","20.518703279","65.9996824362"
"*","STITCH","18.5449480715","64.9352525978"
"*","STITCH","20.3103740803","66.3437867513"
"*","STITCH","18.3718775717","65.2983716372"
"*","STITCH","20.1020448816","66.6878910664"
"*","STITCH","18.1988070719","65.6614906767"
"*","STITCH","19.893715683","67.0319953816"
"*","STITCH","18.0257365721","66.0246097161"
"*","STITCH","19.6853864843","67.3760996967"
"*","STITCH","17.8526660723","66.3877287556"
"*","STITCH","19.4770572856","67.7202040118"
"*","STITCH","17.6795955725","66.750847795"
"*","STITCH","19.2687280869","68.064308327"
"*","STITCH","17.5065250727","67.1139668345"
"*","STITCH","19.0603988882","68.4084126421"
"*","STITCH","17.3334545729","67.4770858739"
"*","STITCH","18.8520696896","68.7525169572"
"*","STITCH","17.1603840731","67.8402049134"
"*","STITCH","18.6437404909","69.0966212723"
"*","STITCH","16.9873135733","68.2033239528"
"*","STITCH","18.4354112922","69.4407255875"
"*","STITCH","16.8142430735","68.5664429923"
"*","STITCH","18.2270820935","69.7848299026"
"*","STITCH","16.6411725737","68.9295620317"
"*","STITCH","18.0187528949","70.1289342177"
"*","STITCH","16.4681020738","69.2926810711"
"*","STITCH","17.8104236962","70.4730385328"
"*","STITCH","16.295031574","69.6558001106"
"*","STITCH","17.5828522959","70.8509294067"
"*","STITCH","16.1412032758","69.9851325913"
"*","STITCH","17.3600306686","71.1832558018"
"*","STITCH","15.9525407443","70.3379735748"
"*","STITCH","17.1372090413","71.5155821969"
"*","STITCH","15.7638782127","70.6908145583"
"*","STITCH","16.914387414","71.847908592"
"*","STITCH","15.5752156811","71.0436555419"
"*","STITCH","16.6915657866","72.1802349871"
"*","STITCH","15.3865531496","71.3964965254"
"*","STITCH","16.4687441593","72.5125613822"
"*","STITCH","15.197890618","71.7493375089"
"*","STITCH","16.245922532","72.8448877772"
"*","STITCH","15.0092280864","72.1021784924"
"*","STITCH","16.0231009047","73.1772141723"
"*","STITCH","14.8205655548","72.455019476"
"*","STITCH","15.8002792774","73.5095405674"
"*","STITCH","14.6319030233","72.8078604595"
"*","STITCH","15.5774576501","73.8418669625"
"*","STITCH","14.4432404917","73.160701443"
"*","STITCH","15.3546360228","74.1741933576"
"*","STITCH","14.2545779601","73.5135424265"
"*","STITCH","15.1318143955","74.5065197527"
"*","STITCH","14.0659154286","73.86638341"
"*","STITCH","14.9089927682","74.8388461478"
"*","STITCH","13.877252897","74.2192243936"
"*","STITCH","14.6861711408","75.1711725429"
"*","STITCH","13.6885903654","74.5720653771"
"*","STITCH","14.4633495135","75.503498938"
"*","STITCH","13.4999278339","74.9249063606"
"*","STITCH","14.2405278862","75.835825333"
"*","STITCH","13.3112653023","75.2777473441"
"*","STITCH","14.0177062589","76.1681517281"
"*","STITCH","13.1226027707","75.6305883277"
"*","STITCH","13.7948846316","76.5004781232"
"*","STITCH","12.9339402391","75.9834293112"
"*","STITCH","13.5720630043","76.8328045183"
"*","STITCH","12.7452777076","76.3362702947"
"*","STITCH","13.349241377","77.1651309134"
"*","STITCH","12.556615176","76.6891112782"
"*","STITCH","13.1264197497","77.4974573085"
"*","STITCH","12.3679526444","77.0419522617"
"*","STITCH","12.9035981223","77.8297837036"
"*","STITCH","12.1792901129","77.3947932453"
"*","STITCH","12.680776495","78.1621100987"
"*","STITCH","11.9906275813","77.7476342288"
"*","STITCH","12.4579548677","78.4944364938"
"*","STITCH","11.8019650497","78.1004752123"
"*","STITCH","12.2351332404","78.8267628889"
"*","STITCH","11.6133025182","78.4533161958"
"*","STITCH","12.0123116131","79.1590892839"
"*","STITCH","11.4246399866","78.8061571793"
"*","STITCH","11.7894899858","79.491415679"
"*","STITCH","11.235977455","79.1589981629"
"*","STITCH","11.5666683585","79.8237420741"
"*","STITCH","11.0473149235","79.5118391464"
"*","STITCH","11.3438467312","80.1560684692"
"*","STITCH","10.8586523919","79.8646801299"
"*","STITCH","11.1210251039","80.4883948643"
"*","STITCH","10.6699898603","80.2175211134"
"*","STITCH","10.8982034765","80.8207212594"
"*","STITCH","10.4813273287","80.570362097"
"*","STITCH","10.6753818492","81.1530476545"
"*","STITCH","10.2926647972","80.9232030805"
"*","STITCH","10.4525602219","81.4853740496"
"*","STITCH","10.1040022656","81.276044064"
"*","STITCH","10.2297385946","81.8177004447"
"*","STITCH","9.91533973403","81.6288850475"
"*","STITCH","10.0069169673","82.1500268397"
"*","STITCH","9.72667720246","81.981726031"
"*","STITCH","9.78409533999","82.4823532348"
"*","STITCH","9.53801467089","82.3345670146"
"*","STITCH","9.56127371267","82.8146796299"
"*","STITCH","9.34935213932","82.6874079981"
"*","END","0","0"
